SimilarityPct,Similarity,TimeSec,Code,QueryNodes,ResultSize,K,ComponentId
0,0,0.063,0,372 414 431 449 634 635,38,1,33
0,0,0.063,1,634 780 830 876 902 1002,38,1,33
0,0,0.063,2,70 372 433 594 634 830,38,1,33
0,0,0.063,3,449 561 622 712 830 876,38,1,33
0,0,0.063,4,75 134 248 372 603 830,38,1,33
0,0,0.063,5,372 414 433 594 603 876,38,1,33
0,0,0.063,6,449 561 620 634 876 916,38,1,33
0,0,0.063,7,372 414 433 449 594 603,38,1,33
0,0,0.063,8,436 603 830 876 897 910,38,1,33
0,0,0.063,9,248 372 433 449 594 603,38,1,33
0,0,0.063,10,603 634 763 876 902 945,38,1,33
0,0,0.063,11,372 414 431 452 603 830,38,1,33
0,0,0.063,12,372 414 433 449 634 635,38,1,33
0,0,0.063,13,70 372 452 594 603 830,38,1,33
0,0,0.063,14,449 603 750 824 876 891,38,1,33
0,0,0.063,15,248 372 594 634 635 876,38,1,33
0,0,0.063,16,449 603 634 713 915 958,38,1,33
0,0,0.063,17,70 372 594 634 635 876,38,1,33
0,0,0.063,18,449 634 637 838 876 1004,38,1,33
0,0,0.063,19,372 414 594 603 634 635,38,1,33
10,0.1,1.35,0,372 414 431 449 634 635,16,1,33
10,0.1,1.35,1,634 780 830 876 902 1002,61,1,33
10,0.1,1.35,2,70 372 433 594 634 830,16,1,33
10,0.1,1.35,3,449 561 622 712 830 876,61,1,33
10,0.1,1.35,4,75 134 248 372 603 830,16,1,33
10,0.1,1.35,5,372 414 433 594 603 876,16,1,33
10,0.1,1.35,6,449 561 620 634 876 916,61,1,33
10,0.1,1.35,7,372 414 433 449 594 603,16,1,33
10,0.1,1.35,8,436 603 830 876 897 910,61,1,33
10,0.1,1.35,9,248 372 433 449 594 603,16,1,33
10,0.1,1.35,10,603 634 763 876 902 945,61,1,33
10,0.1,1.35,11,372 414 431 452 603 830,16,1,33
10,0.1,1.35,12,372 414 433 449 634 635,16,1,33
10,0.1,1.35,13,70 372 452 594 603 830,16,1,33
10,0.1,1.35,14,449 603 750 824 876 891,61,1,33
10,0.1,1.35,15,248 372 594 634 635 876,16,1,33
10,0.1,1.35,16,449 603 634 713 915 958,61,1,33
10,0.1,1.35,17,70 372 594 634 635 876,16,1,33
10,0.1,1.35,18,449 634 637 838 876 1004,61,1,33
10,0.1,1.35,19,372 414 594 603 634 635,16,1,33
20,0.2,4.772,0,372 414 431 449 634 635,16,1,33
20,0.2,4.772,1,634 780 830 876 902 1002,40,1,33
20,0.2,4.772,2,70 372 433 594 634 830,16,1,33
20,0.2,4.772,3,449 561 622 712 830 876,29,1,33
20,0.2,4.772,4,75 134 248 372 603 830,16,1,33
20,0.2,4.772,5,372 414 433 594 603 876,16,1,33
20,0.2,4.772,6,449 561 620 634 876 916,40,1,33
20,0.2,4.772,7,372 414 433 449 594 603,16,1,33
20,0.2,4.772,8,436 603 830 876 897 910,29,1,33
20,0.2,4.772,9,248 372 433 449 594 603,16,1,33
20,0.2,4.772,10,603 634 763 876 902 945,40,1,33
20,0.2,4.772,11,372 414 431 452 603 830,16,1,33
20,0.2,4.772,12,372 414 433 449 634 635,16,1,33
20,0.2,4.772,13,70 372 452 594 603 830,16,1,33
20,0.2,4.772,14,449 603 750 824 876 891,18,1,33
20,0.2,4.772,15,248 372 594 634 635 876,16,1,33
20,0.2,4.772,16,449 603 634 713 915 958,17,1,33
20,0.2,4.772,17,70 372 594 634 635 876,16,1,33
20,0.2,4.772,18,449 634 637 838 876 1004,40,1,33
20,0.2,4.772,19,372 414 594 603 634 635,16,1,33
30,0.3,7.447,0,372 414 431 449 634 635,16,1,33
30,0.3,7.447,1,634 780 830 876 902 1002,17,1,33
30,0.3,7.447,2,70 372 433 594 634 830,16,1,33
30,0.3,7.447,3,449 561 622 712 830 876,19,1,33
30,0.3,7.447,4,75 134 248 372 603 830,16,1,33
30,0.3,7.447,5,372 414 433 594 603 876,16,1,33
30,0.3,7.447,6,449 561 620 634 876 916,22,1,33
30,0.3,7.447,7,372 414 433 449 594 603,16,1,33
30,0.3,7.447,8,436 603 830 876 897 910,20,1,33
30,0.3,7.447,9,248 372 433 449 594 603,16,1,33
30,0.3,7.447,10,603 634 763 876 902 945,22,1,33
30,0.3,7.447,11,372 414 431 452 603 830,16,1,33
30,0.3,7.447,12,372 414 433 449 634 635,16,1,33
30,0.3,7.447,13,70 372 452 594 603 830,16,1,33
30,0.3,7.447,14,449 603 750 824 876 891,18,1,33
30,0.3,7.447,15,248 372 594 634 635 876,16,1,33
30,0.3,7.447,16,449 603 634 713 915 958,17,1,33
30,0.3,7.447,17,70 372 594 634 635 876,16,1,33
30,0.3,7.447,18,449 634 637 838 876 1004,21,1,33
30,0.3,7.447,19,372 414 594 603 634 635,16,1,33
40,0.4,8.323,0,372 414 431 449 634 635,14,1,33
40,0.4,8.323,1,634 780 830 876 902 1002,17,1,33
40,0.4,8.323,2,70 372 433 594 634 830,14,1,33
40,0.4,8.323,3,449 561 622 712 830 876,19,1,33
40,0.4,8.323,4,75 134 248 372 603 830,10,1,33
40,0.4,8.323,5,372 414 433 594 603 876,14,1,33
40,0.4,8.323,6,449 561 620 634 876 916,17,1,33
40,0.4,8.323,7,372 414 433 449 594 603,14,1,33
40,0.4,8.323,8,436 603 830 876 897 910,20,1,33
40,0.4,8.323,9,248 372 433 449 594 603,14,1,33
40,0.4,8.323,10,603 634 763 876 902 945,16,1,33
40,0.4,8.323,11,372 414 431 452 603 830,14,1,33
40,0.4,8.323,12,372 414 433 449 634 635,14,1,33
40,0.4,8.323,13,70 372 452 594 603 830,14,1,33
40,0.4,8.323,14,449 603 750 824 876 891,18,1,33
40,0.4,8.323,15,248 372 594 634 635 876,10,1,33
40,0.4,8.323,16,449 603 634 713 915 958,17,1,33
40,0.4,8.323,17,70 372 594 634 635 876,14,1,33
40,0.4,8.323,18,449 634 637 838 876 1004,21,1,33
40,0.4,8.323,19,372 414 594 603 634 635,14,1,33
50,0.5,8.443,0,372 414 431 449 634 635,13,1,33
50,0.5,8.443,1,634 780 830 876 902 1002,17,1,33
50,0.5,8.443,2,70 372 433 594 634 830,13,1,33
50,0.5,8.443,3,449 561 622 712 830 876,19,1,33
50,0.5,8.443,4,75 134 248 372 603 830,10,1,33
50,0.5,8.443,5,372 414 433 594 603 876,13,1,33
50,0.5,8.443,6,449 561 620 634 876 916,17,1,33
50,0.5,8.443,7,372 414 433 449 594 603,13,1,33
50,0.5,8.443,8,436 603 830 876 897 910,20,1,33
50,0.5,8.443,9,248 372 433 449 594 603,13,1,33
50,0.5,8.443,10,603 634 763 876 902 945,16,1,33
50,0.5,8.443,11,372 414 431 452 603 830,8,1,33
50,0.5,8.443,12,372 414 433 449 634 635,13,1,33
50,0.5,8.443,13,70 372 452 594 603 830,8,1,33
50,0.5,8.443,14,449 603 750 824 876 891,18,1,33
50,0.5,8.443,15,248 372 594 634 635 876,10,1,33
50,0.5,8.443,16,449 603 634 713 915 958,17,1,33
50,0.5,8.443,17,70 372 594 634 635 876,13,1,33
50,0.5,8.443,18,449 634 637 838 876 1004,21,1,33
50,0.5,8.443,19,372 414 594 603 634 635,13,1,33
60,0.6,8.529,0,372 414 431 449 634 635,11,1,33
60,0.6,8.529,1,634 780 830 876 902 1002,17,1,33
60,0.6,8.529,2,70 372 433 594 634 830,10,1,33
60,0.6,8.529,3,449 561 622 712 830 876,19,1,33
60,0.6,8.529,4,75 134 248 372 603 830,6,1,33
60,0.6,8.529,5,372 414 433 594 603 876,10,1,33
60,0.6,8.529,6,449 561 620 634 876 916,17,1,33
60,0.6,8.529,7,372 414 433 449 594 603,10,1,33
60,0.6,8.529,8,436 603 830 876 897 910,20,1,33
60,0.6,8.529,9,248 372 433 449 594 603,9,1,33
60,0.6,8.529,10,603 634 763 876 902 945,16,1,33
60,0.6,8.529,11,372 414 431 452 603 830,8,1,33
60,0.6,8.529,12,372 414 433 449 634 635,11,1,33
60,0.6,8.529,13,70 372 452 594 603 830,8,1,33
60,0.6,8.529,14,449 603 750 824 876 891,18,1,33
60,0.6,8.529,15,248 372 594 634 635 876,9,1,33
60,0.6,8.529,16,449 603 634 713 915 958,17,1,33
60,0.6,8.529,17,70 372 594 634 635 876,11,1,33
60,0.6,8.529,18,449 634 637 838 876 1004,21,1,33
60,0.6,8.529,19,372 414 594 603 634 635,11,1,33
70,0.7,9.012,0,372 414 431 449 634 635,9,1,33
70,0.7,9.012,1,634 780 830 876 902 1002,17,1,33
70,0.7,9.012,2,70 372 433 594 634 830,10,1,33
70,0.7,9.012,3,449 561 622 712 830 876,19,1,33
70,0.7,9.012,4,75 134 248 372 603 830,6,1,33
70,0.7,9.012,5,372 414 433 594 603 876,10,1,33
70,0.7,9.012,6,449 561 620 634 876 916,17,1,33
70,0.7,9.012,7,372 414 433 449 594 603,10,1,33
70,0.7,9.012,8,436 603 830 876 897 910,20,1,33
70,0.7,9.012,9,248 372 433 449 594 603,6,1,33
70,0.7,9.012,10,603 634 763 876 902 945,16,1,33
70,0.7,9.012,11,372 414 431 452 603 830,8,1,33
70,0.7,9.012,12,372 414 433 449 634 635,9,1,33
70,0.7,9.012,13,70 372 452 594 603 830,8,1,33
70,0.7,9.012,14,449 603 750 824 876 891,18,1,33
70,0.7,9.012,15,248 372 594 634 635 876,6,1,33
70,0.7,9.012,16,449 603 634 713 915 958,17,1,33
70,0.7,9.012,17,70 372 594 634 635 876,6,1,33
70,0.7,9.012,18,449 634 637 838 876 1004,21,1,33
70,0.7,9.012,19,372 414 594 603 634 635,9,1,33
80,0.8,8.36,0,372 414 431 449 634 635,6,1,33
80,0.8,8.36,1,634 780 830 876 902 1002,17,1,33
80,0.8,8.36,2,70 372 433 594 634 830,6,1,33
80,0.8,8.36,3,449 561 622 712 830 876,19,1,33
80,0.8,8.36,4,75 134 248 372 603 830,6,1,33
80,0.8,8.36,5,372 414 433 594 603 876,9,1,33
80,0.8,8.36,6,449 561 620 634 876 916,17,1,33
80,0.8,8.36,7,372 414 433 449 594 603,9,1,33
80,0.8,8.36,8,436 603 830 876 897 910,20,1,33
80,0.8,8.36,9,248 372 433 449 594 603,6,1,33
80,0.8,8.36,10,603 634 763 876 902 945,16,1,33
80,0.8,8.36,11,372 414 431 452 603 830,6,1,33
80,0.8,8.36,12,372 414 433 449 634 635,9,1,33
80,0.8,8.36,13,70 372 452 594 603 830,6,1,33
80,0.8,8.36,14,449 603 750 824 876 891,18,1,33
80,0.8,8.36,15,248 372 594 634 635 876,6,1,33
80,0.8,8.36,16,449 603 634 713 915 958,17,1,33
80,0.8,8.36,17,70 372 594 634 635 876,6,1,33
80,0.8,8.36,18,449 634 637 838 876 1004,21,1,33
80,0.8,8.36,19,372 414 594 603 634 635,6,1,33
90,0.9,8.32,0,372 414 431 449 634 635,6,1,33
90,0.9,8.32,1,634 780 830 876 902 1002,17,1,33
90,0.9,8.32,2,70 372 433 594 634 830,6,1,33
90,0.9,8.32,3,449 561 622 712 830 876,19,1,33
90,0.9,8.32,4,75 134 248 372 603 830,6,1,33
90,0.9,8.32,5,372 414 433 594 603 876,7,1,33
90,0.9,8.32,6,449 561 620 634 876 916,17,1,33
90,0.9,8.32,7,372 414 433 449 594 603,7,1,33
90,0.9,8.32,8,436 603 830 876 897 910,20,1,33
90,0.9,8.32,9,248 372 433 449 594 603,6,1,33
90,0.9,8.32,10,603 634 763 876 902 945,16,1,33
90,0.9,8.32,11,372 414 431 452 603 830,6,1,33
90,0.9,8.32,12,372 414 433 449 634 635,6,1,33
90,0.9,8.32,13,70 372 452 594 603 830,6,1,33
90,0.9,8.32,14,449 603 750 824 876 891,18,1,33
90,0.9,8.32,15,248 372 594 634 635 876,6,1,33
90,0.9,8.32,16,449 603 634 713 915 958,17,1,33
90,0.9,8.32,17,70 372 594 634 635 876,6,1,33
90,0.9,8.32,18,449 634 637 838 876 1004,21,1,33
90,0.9,8.32,19,372 414 594 603 634 635,6,1,33
